longname,Population [StatCan],PW Density (1km) [StatCan],Area-weighted Density [StatCan],Area,Compactness
"Edmonton--Wetaskiwin (Riding), Alberta, Canada",209431.0,2117.119594274508,41.1933017781727,5084.1032633847335,0.18434928973612202
"Calgary Shepard (Riding), Alberta, Canada",163447.0,2762.6374991096545,863.2854222998167,189.33135644127128,0.32990580512346274
"Brampton West (Riding), Ontario, Canada",162353.0,4492.050855195544,2793.169172140117,58.125014989910426,0.6313385301156685
"Calgary Skyview (Riding), Alberta, Canada",159642.0,3997.3486984603483,1278.2622439176444,124.88986572170506,0.5416145611653611
"Banff--Airdrie (Riding), Alberta, Canada",155580.0,1578.561685799633,12.444049883637858,12502.360682800332,0.10990535496688356
"Simcoe--Grey (Riding), Ontario, Canada",151784.0,810.69563817303,79.3073229141268,1913.871183930269,0.3047398773461182
"Durham (Riding), Ontario, Canada",150235.0,1907.7921556864005,164.6559534446457,912.4176615363394,0.45641492471245565
"Oakville North--Burlington (Riding), Ontario, Canada",148936.0,3206.2726127531378,1701.3301905323833,87.54091406171702,0.39437433193846266
"King--Vaughan (Riding), Ontario, Canada",147695.0,2351.6920620699293,343.80426573642967,429.5903649817634,0.6472489998785211
"Niagara Falls (Riding), Ontario, Canada",146404.0,1288.885424456938,259.07258397453364,565.1080394303368,0.38988265400988126
"Calgary Rocky Ridge (Riding), Alberta, Canada",145326.0,2701.5250651566357,1585.4096923097798,91.66463451366623,0.23423400784939585
"Guelph (Riding), Ontario, Canada",143740.0,2298.351050128436,1628.167430659694,88.28330385024348,0.3562491719793418
"Dufferin--Caledon (Riding), Ontario, Canada",142838.0,1115.83397562199,65.13197787095733,2193.0548506142045,0.4690937396803671
"Etobicoke--Lakeshore (Riding), Ontario, Canada",141751.0,4559.100993479903,2981.0816332274353,47.55019064893397,0.4773392672579502
"Brantford--Brant (Riding), Ontario, Canada",140139.0,1676.3064504545384,166.90319123639358,839.6424236221699,0.481840857011043
"Orléans (Riding), Ontario, Canada",139309.0,2428.763786942805,658.5856452903306,211.52753783236057,0.4997184638747598
"London West (Riding), Ontario, Canada",139305.0,2610.254852123272,1783.9005653498093,78.09011483366135,0.3061067677620852
"Whitby (Riding), Ontario, Canada",138501.0,2432.211211339969,935.7092191255107,148.0171373425597,0.6425678801600229
"London North Centre (Riding), Ontario, Canada",138255.0,2711.9397800716406,2320.2702878982996,59.585730473336945,0.5790681617358394
"Milton (Riding), Ontario, Canada",136993.0,3578.4089999308894,305.14007087116534,448.9511967696975,0.3947801022057165
"North Okanagan--Shuswap (Riding), British Columbia, Canada",136520.0,703.2766371371976,8.063387783615386,16930.848876871012,0.29522443524470754
"Kelowna--Lake Country (Riding), British Columbia, Canada",136290.0,1361.5493922291607,81.02739071839633,1682.0238044399587,0.26104366584094485
"Markham--Stouffville (Riding), Ontario, Canada",135944.0,2682.305048929337,475.3664970090897,285.97724251778845,0.4481969745712712
"Spadina--Fort York (Riding), Ontario, Canada",135815.0,15042.6803959729,9251.40061720457,14.680479812692216,0.2889093619764258
"Kamloops--Thompson--Cariboo (Riding), British Columbia, Canada",135492.0,1006.1851971631637,3.471957452343936,39024.67177658778,0.2189016004388915
"Essex (Riding), Ontario, Canada",134598.0,773.6560426050866,96.34425832915083,1397.0526353543453,0.47478890596123396
"Edmonton West (Riding), Alberta, Canada",134194.0,2525.436119451873,1235.3378414026495,108.62939311211501,0.34473436591673484
"Nanaimo--Ladysmith (Riding), British Columbia, Canada",134064.0,1172.6524857795132,72.2358195938479,1855.9213525060882,0.11535396432602749
"Langley--Aldergrove (Riding), British Columbia, Canada",133168.0,1868.2705844344864,348.66596277663234,381.9357614936222,0.4369399060683207
"Mirabel (Riding), Quebec, Canada",132930.0,1093.299744309972,151.72181766943748,876.1429439872651,0.18299075810004983
"Nepean (Riding), Ontario, Canada",132769.0,2948.87468127352,764.0358984427878,173.77324844369463,0.4509436456319083
"Brampton South (Riding), Ontario, Canada",132752.0,3930.288723120006,2824.540514786745,46.99950285897134,0.4521916312468825
"Edmonton Manning (Riding), Alberta, Canada",132224.0,3098.7557069829895,811.9848316923916,162.84048031341933,0.33719756506309095
"Coquitlam--Port Coquitlam (Riding), British Columbia, Canada",132004.0,3394.619330736992,200.694422982339,657.7362641094231,0.39985291181117794
"Brampton East (Riding), Ontario, Canada",131677.0,3716.6178935810062,1542.0691567353124,85.38981499297417,0.5913420027379231
"Surrey Centre (Riding), British Columbia, Canada",131670.0,4299.423231764236,3001.0037473124403,43.87532008845958,0.5022290194861015
"Red Deer--Lacombe (Riding), Alberta, Canada",131575.0,1075.904112810883,20.30422295472045,6480.17903927767,0.254463330228036
"Carleton (Riding), Ontario, Canada",131375.0,1280.7179456703657,110.47323931569538,1189.2020258822538,0.3312354314624502
"Oshawa (Riding), Ontario, Canada",131067.0,2698.9074566678337,1937.497459851488,67.64757255993847,0.7209333941013054
"West Vancouver--Sunshine Coast--Sea to Sky Country (Riding), British Columbia, Canada",130977.0,909.695708657936,9.566824841245632,13690.749247892196,0.09820874497572386
"St. Albert--Edmonton (Riding), Alberta, Canada",130822.0,2310.8966390225537,1225.1104369619216,106.78384254436497,0.21905629419497497
"Cloverdale--Langley City (Riding), British Columbia, Canada",130665.0,3705.73112461397,2191.8435033794676,59.61420137821689,0.25779688648362525
"Windsor West (Riding), Ontario, Canada",130162.0,2384.160454926256,1587.9788428268303,81.96708702257831,0.478347346620478
"Calgary Centre (Riding), Alberta, Canada",130010.0,4973.43711597993,2600.785026874272,49.98875287906869,0.40023875385903107
"Pontiac (Riding), Quebec, Canada",129781.0,908.011733944676,4.292894825805837,30231.581547222806,0.18664067320257305
"Vaudreuil--Soulanges (Riding), Quebec, Canada",129315.0,1400.36055281038,273.76421106466177,472.35904027446605,0.20432303754870226
"Calgary Midnapore (Riding), Alberta, Canada",129110.0,2260.028657600413,1476.5076771186384,87.44282336002098,0.37577470498379634
"Esquimalt--Saanich--Sooke (Riding), British Columbia, Canada",128644.0,1699.1490496781714,306.05722012785515,420.3266302499222,0.08705080647881124
"Markham--Unionville (Riding), Ontario, Canada",128308.0,3165.7808595577035,1515.152875290393,84.6832039805941,0.665064075814064
"Wellington--Halton Hills (Riding), Ontario, Canada",127873.0,1039.577978617388,84.70409739425234,1509.6436174134465,0.2117887676072766
"Mississauga Centre (Riding), Ontario, Canada",127377.0,7115.7218304986845,5497.892704970732,23.16833136536776,0.403099744000788
"Waterloo (Riding), Ontario, Canada",127235.0,2326.5180418880327,1713.576380502136,74.25114015794021,0.2463059243713673
"Newmarket--Aurora (Riding), Ontario, Canada",127134.0,2428.4196867718383,2130.9740276187754,59.660042005328414,0.7226142628124839
"London--Fanshawe (Riding), Ontario, Canada",127068.0,2257.909626821921,1080.1526386931423,117.63892939588365,0.34181258890450555
"Vancouver Centre (Riding), British Columbia, Canada",126995.0,15290.472844738042,6787.559171313626,18.709965805782005,0.4746751024161917
"Ajax (Riding), Ontario, Canada",126666.0,3164.534011817894,1871.8417087900705,67.66918345989573,0.6108895804998737
"Elgin--Middlesex--London (Riding), Ontario, Canada",126428.0,945.4221157795112,48.97899481575773,2581.2697968910757,0.18425772615622968
"Ottawa Centre (Riding), Ontario, Canada",126360.0,5093.585170821397,3383.038828650683,37.35103449888525,0.3469448190155815
"Sherwood Park--Fort Saskatchewan (Riding), Alberta, Canada",126313.0,1569.7984527637577,96.33057401385128,1311.2451710485768,0.3614553260159439
"Kingston and the Islands (Riding), Ontario, Canada",126106.0,1841.1384601747727,227.5509657627279,554.187935776521,0.32394615260481957
"Edmonton Mill Woods (Riding), Alberta, Canada",125992.0,3207.609521425732,2445.3797916340072,51.52246715665051,0.43613567228960537
"Flamborough--Glanbrook (Riding), Ontario, Canada",125692.0,1379.474296720303,140.65733623823525,893.6042965232326,0.2286336811393364
"Peterborough--Kawartha (Riding), Ontario, Canada",125478.0,1276.814920869188,37.54814134553061,3341.7899129895486,0.5678284763582456
"Burlington (Riding), Ontario, Canada",125435.0,2340.095112732015,1549.409317767919,80.95665784474681,0.3333657019192639
"Beloeil--Chambly (Riding), Quebec, Canada",125359.0,1407.745575657288,320.6347311416862,390.97136967549767,0.3076465323361552
"New Westminster--Burnaby (Riding), British Columbia, Canada",125253.0,5556.082882655408,4337.885825680313,28.874203940200868,0.46059276819750394
"Brampton North (Riding), Ontario, Canada",125141.0,4238.321858064072,3691.4209858556997,33.90049535923938,0.46209414725408365
"Ottawa South (Riding), Ontario, Canada",125090.0,2736.6142210196317,1698.5191925244196,73.64650370190125,0.4683249071236317
"Fleetwood--Port Kells (Riding), British Columbia, Canada",124987.0,3505.806949357362,1684.96027250776,74.17801003342313,0.4086211854759864
"Sturgeon River--Parkland (Riding), Alberta, Canada",124849.0,899.4049582127033,30.206518729145166,4133.180692535011,0.17292982742866497
"Oxford (Riding), Ontario, Canada",124790.0,1040.6269341855611,55.20392096519736,2260.527836033102,0.5133571459001226
"Courtenay--Alberni (Riding), British Columbia, Canada",124489.0,732.3559535780817,13.807286299208977,9016.181550978052,0.060053674704089365
"York--Simcoe (Riding), Ontario, Canada",124458.0,1337.712076876939,111.2153956395198,1119.0716832353246,0.4212750968487698
"Cowichan--Malahat--Langford (Riding), British Columbia, Canada",124230.0,1078.536935782238,25.728279351260625,4828.538990265318,0.18422046109914178
"Edmonton Riverbend (Riding), Alberta, Canada",124144.0,2418.8767010236797,2012.5939338438918,61.68358053375178,0.2842676524679592
"Calgary Confederation (Riding), Alberta, Canada",124064.0,2713.4537891586474,2248.15647931146,55.184770785171025,0.3327346706241909
"Lethbridge (Riding), Alberta, Canada",123847.0,1426.1915252175243,40.63703333942535,3047.6388117595625,0.3259848720916662
"Laurentides--Labelle (Riding), Quebec, Canada",123796.0,277.33400130203466,6.401439491673102,19338.775311557973,0.1926682083113772
"South Okanagan--West Kootenay (Riding), British Columbia, Canada",123487.0,764.7021187622202,6.780771829981727,18211.34866299325,0.22290166210922666
"Mississauga--Erin Mills (Riding), Ontario, Canada",123371.0,4398.112167098206,3634.6001078777736,33.94348658401261,0.5212360343622526
"Victoria (Riding), British Columbia, Canada",123362.0,3998.0592785199037,2161.6073691210454,57.0695685822729,0.42978244727919934
"Portneuf--Jacques-Cartier (Riding), Quebec, Canada",123243.0,521.4216106693884,16.295983664109777,7562.7837226807,0.2846319932667195
"Louis-Saint-Laurent (Riding), Quebec, Canada",123123.0,2157.0033929345286,886.1328673476837,138.94417478106178,0.22147092758173734
"North Vancouver (Riding), British Columbia, Canada",123025.0,4297.087092106809,348.64410066649606,352.86700610971343,0.32974307605782677
"Calgary Signal Hill (Riding), Alberta, Canada",122818.0,2332.022127939079,1826.857611838092,67.22910379229103,0.27990904562104396
"Windsor--Tecumseh (Riding), Ontario, Canada",122798.0,2209.1625585860247,652.9272657083359,188.07301586154645,0.4029050141342292
"Rivière-du-Nord (Riding), Quebec, Canada",122654.0,1373.959151966342,330.38434511025827,371.2464038181561,0.26656104271857806
"Haliburton--Kawartha Lakes--Brock (Riding), Ontario, Canada",122401.0,379.94793879166,14.114280204488828,8672.13901287522,0.3047662218441774
"Central Okanagan--Similkameen--Nicola (Riding), British Columbia, Canada",122340.0,1135.7035097365651,7.506487419820384,16297.902488581985,0.1745163549028384
"Oakville (Riding), Ontario, Canada",122322.0,2204.440523464215,1363.6629415524292,89.70105168418338,0.5209792208448063
"Surrey--Newton (Riding), British Columbia, Canada",122264.0,4558.379593920143,4070.277423544188,30.038247342250887,0.7014866149469889
"Cambridge (Riding), Ontario, Canada",121301.0,1978.5865495525275,342.24658045917,354.42574718280116,0.517129713143465
"Kootenay--Columbia (Riding), British Columbia, Canada",120759.0,560.4721683294916,1.8569892172433378,65029.45675649332,0.20845136000210854
"Pickering--Uxbridge (Riding), Ontario, Canada",120742.0,2076.24295955174,183.24579767145593,658.9073339432323,0.526687690731339
"Red Deer--Mountain View (Riding), Alberta, Canada",120739.0,1196.711082175941,15.445363468625745,7817.1679316746295,0.22116265513928135
"Simcoe North (Riding), Ontario, Canada",120646.0,718.8531181160631,53.47031842886506,2256.3172156998276,0.1933514298553986
"Barrie--Innisfil (Riding), Ontario, Canada",120378.0,1594.9614639159818,308.21089725651154,390.57022665819056,0.638739118833172
"Burnaby South (Riding), British Columbia, Canada",120305.0,5501.2638281088075,2536.988309793993,47.420399824297554,0.3505659096366691
"Bellechasse--Les Etchemins--Lévis (Riding), Quebec, Canada",120179.0,1037.2814153342945,36.756501108865834,3269.5984757649385,0.26278396416797406
"Terrebonne (Riding), Quebec, Canada",119944.0,1786.8609685138485,757.8220733227377,158.2746190990386,0.1329902180086596
"Vimy (Riding), Quebec, Canada",119926.0,4008.0011614272853,3381.6374750422,35.46388425285103,0.35462197875492635
"Toronto Centre (Riding), Ontario, Canada",119901.0,19652.71174957708,20412.419301786147,5.873924017889849,0.5445192431464231
"Kitchener South--Hespeler (Riding), Ontario, Canada",119851.0,2199.2918189303214,1131.1172774257248,105.9580667645403,0.3702503327010122
"Niagara Centre (Riding), Ontario, Canada",119809.0,1507.3504895266747,365.83979050812655,327.49034716424217,0.4509105025033628
"South Surrey--White Rock (Riding), British Columbia, Canada",119672.0,2572.1838283323254,742.7252238727898,161.1255362730172,0.4742700303846228
"Grande Prairie--Mackenzie (Riding), Alberta, Canada",119586.0,948.3426194697173,1.042818651382415,114675.73948880809,0.19832948493066022
"Bow River (Riding), Alberta, Canada",119458.0,716.9899409956936,4.831729360213231,24723.652980995637,0.3120592863481469
"Ville-Marie--Le Sud-Ouest--Île-des-Soeurs (Riding), Quebec, Canada",119446.0,8690.730486851837,4227.774867093982,28.252686993738347,0.25195804453997317
"Dorval--Lachine--LaSalle (Riding), Quebec, Canada",119395.0,4344.498242541333,1995.7225609536947,59.82544985759182,0.24927565286870304
"Salaberry--Suroît (Riding), Quebec, Canada",119288.0,813.2651883425573,52.76145483800147,2260.892925834993,0.17637658287704233
"Sherbrooke (Riding), Quebec, Canada",119038.0,2138.208146542446,1171.1397889749312,101.64286203971511,0.38850096062299516
"Aurora--Oak Ridges--Richmond Hill (Riding), Ontario, Canada",118883.0,2204.7340525949157,1237.4692177043955,96.06946039477046,0.7172394483114382
"Ottawa--Vanier (Riding), Ontario, Canada",118806.0,4062.342161207963,2622.002395464337,45.31117141827033,0.3613396149720861
"Repentigny (Riding), Quebec, Canada",118754.0,2158.2041708390993,525.7486407413243,225.876000045483,0.27269250317669935
"Montcalm (Riding), Quebec, Canada",118746.0,1026.1741345466744,134.50820622133813,882.8160253999608,0.2908715036782357
"Northumberland--Peterborough South (Riding), Ontario, Canada",118724.0,492.22587783446124,40.443181272614034,2935.5752011623667,0.35103126910130195
"Vancouver East (Riding), British Columbia, Canada",118675.0,6423.865108355787,4573.659137422376,25.94749552475021,0.49281643080867266
"Lévis--Lotbinière (Riding), Quebec, Canada",118608.0,776.7521009002436,55.4800523837747,2137.849459469639,0.24789806126242692
"Etobicoke Centre (Riding), Ontario, Canada",118483.0,3949.0114901909296,3169.16334837925,37.38620795945835,0.3529290828783701
"Willowdale (Riding), Ontario, Canada",118218.0,8318.551467128,5979.775343605954,19.76963902605605,0.7379991354717301
"Ahuntsic-Cartierville (Riding), Quebec, Canada",118170.0,6146.0885276604295,4855.781705690323,24.335937478721632,0.22457495293500768
"Hamilton West--Ancaster--Dundas (Riding), Ontario, Canada",117565.0,2243.391582658255,1128.137670121896,104.21157196824836,0.3136469669135633
"Mississauga--Lakeshore (Riding), Ontario, Canada",117095.0,2476.856131326869,1634.772931353118,71.62768464919424,0.5202671210229705
"Toronto--St. Paul's (Riding), Ontario, Canada",116953.0,9633.910417681614,8913.972988333182,13.120187839145446,0.43277288362592325
"Laurier--Sainte-Marie (Riding), Quebec, Canada",116932.0,11105.803759839613,10984.4867885564,10.645194650497404,0.4471775714422217
"Mississauga--Malton (Riding), Ontario, Canada",116908.0,4381.748052201126,1200.0780439149323,97.4169976634345,0.49226406565789904
"Mississauga--Streetsville (Riding), Ontario, Canada",116864.0,3743.7763708371467,2489.211831338397,46.94819401415293,0.37976948403241856
"York South--Weston (Riding), Ontario, Canada",116757.0,5028.062631961859,4668.673478976166,25.00860266321402,0.4099200686742643
"Kanata--Carleton (Riding), Ontario, Canada",116651.0,1959.2628882636977,144.9022724813674,805.0322331211186,0.46512736143734695
"Glengarry--Prescott--Russell (Riding), Ontario, Canada",116463.0,527.5791230841982,39.004030061577204,2985.922219220303,0.41224988416128344
"Ottawa West--Nepean (Riding), Ontario, Canada",116409.0,3201.944431886166,1297.6901378866548,89.70477358298889,0.25215751616663784
"Mississauga East--Cooksville (Riding), Ontario, Canada",116346.0,4939.360641491198,3627.763174845063,32.07100199008139,0.44026268868091845
"Haldimand--Norfolk (Riding), Ontario, Canada",116243.0,523.0607358781191,38.683344058218445,3004.98839565303,0.22247775803849443
"Etobicoke North (Riding), Ontario, Canada",116003.0,4185.981482307181,2405.695243856573,48.22015602193878,0.3734568193124249
"Shefford (Riding), Quebec, Canada",115924.0,1085.858213552289,83.36080193813126,1390.629616135849,0.18230293978470336
"Bay of Quinte (Riding), Ontario, Canada",115871.0,993.9483201563932,60.34103156462641,1920.2687954696287,0.15925820597874468
"Eglinton--Lawrence (Riding), Ontario, Canada",115832.0,6071.855199005549,5111.084935944187,22.662898670573938,0.5988899000321143
"Saint-Léonard--Saint-Michel (Riding), Quebec, Canada",115553.0,6814.761377192738,5702.2291596563055,20.26453107453942,0.5363723732155687
"Thornhill (Riding), Ontario, Canada",115292.0,3782.6098726440855,1830.767548647474,62.974679710253156,0.4867151252515129
"Calgary Nose Hill (Riding), Alberta, Canada",115287.0,2815.2736387776777,1986.0223967816116,58.04919430255411,0.3951108295159642
"Foothills (Riding), Alberta, Canada",115118.0,707.252768739648,5.470404200980362,21043.783196014923,0.21412769971318724
"Longueuil--Saint-Hubert (Riding), Quebec, Canada",115082.0,3601.203978371757,1899.0889191146332,60.59853166520077,0.30808001724418105
"La Prairie (Riding), Quebec, Canada",114968.0,1899.9645692367933,388.9057438127747,295.6191874999599,0.31335113982063356
"Port Moody--Coquitlam (Riding), British Columbia, Canada",114853.0,2766.2762244480014,988.2329793364164,116.22056984692219,0.37257049334864417
"St. Catharines (Riding), Ontario, Canada",114782.0,2291.368493911715,1739.425122055053,65.98846857195566,0.5862459096186978
"Saint-Jean (Riding), Quebec, Canada",114617.0,1375.209339307857,161.20611622828088,710.9965966656815,0.22272215608367482
"Brossard--Saint-Lambert (Riding), Quebec, Canada",114286.0,3102.659731563081,1974.1080364324785,57.89247492580632,0.3411949479973229
"Richmond Hill (Riding), Ontario, Canada",114180.0,3547.19234228679,2856.524615993158,39.97164924143384,0.6081337857886718
"Trois-Rivières (Riding), Quebec, Canada",114064.0,1744.501207408832,812.5031229804849,140.38592194154512,0.30468654961340275
"Brome--Missisquoi (Riding), Quebec, Canada",113913.0,515.2809088771843,38.81361438024539,2934.8722560086353,0.24030251335108618
"Perth--Wellington (Riding), Ontario, Canada",113910.0,796.4012921651147,31.603041155882515,3604.3999511989073,0.3133209917237423
"Don Valley North (Riding), Ontario, Canada",113663.0,5598.61336549287,4648.070537123194,24.453802732165254,0.6587094625919391
"Chatham-Kent--Leamington (Riding), Ontario, Canada",113585.0,1093.0875100591152,49.685966711925985,2286.057965995789,0.22056426853695707
"Kitchener Centre (Riding), Ontario, Canada",113452.0,3054.5544566687577,2718.9738467408615,41.726035774853415,0.31225281258202475
"Winnipeg South (Riding), Manitoba, Canada",113370.0,2388.64799205696,1077.1485349688442,105.25010833652496,0.4488632891548785
"Saanich--Gulf Islands (Riding), British Columbia, Canada",113293.0,1276.7361265619752,159.78043925225717,709.0542530123852,0.07236977011512392
"Scarborough Centre (Riding), Ontario, Canada",113104.0,4543.7517655863185,4011.7436810029994,28.19322693411016,0.5834613193192713
"Bruce--Grey--Owen Sound (Riding), Ontario, Canada",113074.0,455.87908155081504,17.45511024104137,6477.988304773606,0.20339868188049615
"Rosemont--La Petite-Patrie (Riding), Quebec, Canada",112909.0,10715.892527393105,10546.464060348448,10.705863060255815,0.45147489164213855
"Huron--Bruce (Riding), Ontario, Canada",112880.0,431.26635658127657,19.632472358215452,5749.657910648424,0.45395870165427127
"Joliette (Riding), Quebec, Canada",112418.0,739.8411124365061,12.6008755862629,8921.443532269675,0.18039557974312026
"Longueuil--Charles-LeMoyne (Riding), Quebec, Canada",112257.0,4117.821035919082,2967.637501562439,37.827059383397575,0.18449822613761607
"Chilliwack--Hope (Riding), British Columbia, Canada",112037.0,1521.120326478008,33.39452754229043,3354.950893020351,0.18658741205859405
"Hamilton East--Stoney Creek (Riding), Ontario, Canada",112028.0,2645.3782904745,1516.8446549022467,73.85594802865272,0.2671882141354543
"Saint-Maurice--Champlain (Riding), Quebec, Canada",111997.0,602.4427258902474,2.904107602009381,38565.03110370572,0.2781782499189575
"Scarborough Southwest (Riding), Ontario, Canada",111994.0,4982.509295439747,3648.2736207528983,30.69780713895239,0.6122868802115938
"Halifax West (Riding), Nova Scotia, Canada",111944.0,2098.894636822357,440.17934090327725,254.3145250076559,0.4256766276778246
"Laval--Les Îles (Riding), Quebec, Canada",111784.0,3116.4129634627598,2152.09810309957,51.941870047189084,0.3891550295056686
"Edmonton Griesbach (Riding), Alberta, Canada",111699.0,2620.8824601619344,2342.0411942535093,47.69301252004767,0.21218597737509554
"Humber River--Black Creek (Riding), Ontario, Canada",111593.0,4706.196229940916,3626.657853944247,30.77020344740674,0.3066495654700455
"Lanark--Frontenac--Kingston (Riding), Ontario, Canada",111424.0,407.97553629202775,15.771362354005975,7064.957198938363,0.3616353166345068
"Louis-Hébert (Riding), Quebec, Canada",111322.0,2698.3458850602224,1068.7319423084173,104.16269561434557,0.2212344326030781
"Lambton--Kent--Middlesex (Riding), Ontario, Canada",111242.0,408.26383881856697,20.595312502676762,5401.326150576348,0.20687952733637743
"Cariboo--Prince George (Riding), British Columbia, Canada",111226.0,758.3597358975929,1.3051810403302058,85218.82908432401,0.18593181216480412
"Compton--Stanstead (Riding), Quebec, Canada",111088.0,572.2909398161904,23.830219878438026,4661.643936425205,0.27241810431904906
"Beauce (Riding), Quebec, Canada",111034.0,532.0672245008219,26.801517724590937,4142.8250870331885,0.2658295379922562
"Hull--Aylmer (Riding), Quebec, Canada",110881.0,2281.158034533525,1433.6899580155664,77.33959450582697,0.20087281325583228
"Papineau (Riding), Quebec, Canada",110813.0,9597.52965200874,11184.77141407525,9.907489022131433,0.39615232124575717
"Delta (Riding), British Columbia, Canada",110721.0,2739.224305641998,441.03058657356496,251.0506150156356,0.15396842979760794
"Richmond--Arthabaska (Riding), Quebec, Canada",110651.0,815.2236333265267,31.810008809091148,3478.496364590018,0.20467625198667014
"La Pointe-de-l'Île (Riding), Quebec, Canada",110486.0,4356.603555119839,2239.1814806691423,49.342137273743035,0.32426982334799076
"North Island--Powell River (Riding), British Columbia, Canada",110457.0,725.0517611702611,1.8795056080356336,58769.17819651743,0.02898145500511642
"Pitt Meadows--Maple Ridge (Riding), British Columbia, Canada",110416.0,1911.7682942757274,51.36089186501782,2149.806905421067,0.16864036500780405
"Abbotsford (Riding), British Columbia, Canada",110331.0,2646.982590657345,625.8238258273543,176.2972188764781,0.27715670687745764
"Fort McMurray--Cold Lake (Riding), Alberta, Canada",110163.0,1204.9403411911298,0.7124927108974274,154616.3186164292,0.2948603785927869
"Lac-Saint-Louis (Riding), Quebec, Canada",110093.0,2071.8808186347455,1105.7908660226037,99.56041723874175,0.3875284148824436
"Vancouver Granville (Riding), British Columbia, Canada",109799.0,6070.905043687443,4853.823605280552,22.621135197527142,0.6603258844988287
"Charlesbourg--Haute-Saint-Charles (Riding), Quebec, Canada",109690.0,2242.813924669669,949.4011246374026,115.53599121961547,0.2313908035998187
"Pierrefonds--Dollard (Riding), Quebec, Canada",109497.0,3016.3603863646854,1758.2292516176287,62.27686173419033,0.30241685372041466
"Provencher (Riding), Manitoba, Canada",109445.0,388.80300385540335,5.805941503632223,18850.51716961508,0.35686934459055103
"Beaches--East York (Riding), Ontario, Canada",109359.0,7291.654789886377,6090.80689722249,17.954763932816444,0.5548735306908501
"Vancouver South (Riding), British Columbia, Canada",109339.0,5414.299594226959,5147.818891812427,21.239869214105994,0.4108934616287596
"Vancouver Quadra (Riding), British Columbia, Canada",109328.0,4360.113695994945,2218.252374937832,49.28564541853088,0.4342175071930057
"Calgary Heritage (Riding), Alberta, Canada",109141.0,2613.2571910293213,1528.7879544546363,71.39054156070573,0.3080269878887638
"Edmonton Centre (Riding), Alberta, Canada",109125.0,3603.0709488811112,2278.5998609399194,47.89125193529419,0.3679589413448415
"Prince George--Peace River--Northern Rockies (Riding), British Columbia, Canada",108998.0,662.5460714206306,0.42790087762306683,254727.21768057492,0.16718758150524715
"Burnaby North--Seymour (Riding), British Columbia, Canada",108794.0,3211.3560514734736,829.7418190993642,131.1178941397572,0.3310776560182315
"Mount Royal (Riding), Quebec, Canada",108494.0,7395.174930236507,4794.990637137273,22.626530104086623,0.36129683824110803
"Medicine Hat--Cardston--Warner (Riding), Alberta, Canada",108391.0,955.6460826539646,3.5903033775874613,30189.92786978196,0.2276839383190907
"York Centre (Riding), Ontario, Canada",108307.0,4463.171331637501,3064.1194295483992,35.346859836975305,0.41870744103009355
"Hochelaga (Riding), Quebec, Canada",108264.0,7366.215770032169,4637.757970123366,23.344038368850054,0.43347866445925504
"Vancouver Kingsway (Riding), British Columbia, Canada",108054.0,6957.738878522977,7046.35030195067,15.334747120092365,0.43095882161832627
"Battle River--Crowfoot (Riding), Alberta, Canada",107979.0,407.0192865835013,1.9915829120256388,54217.67748055971,0.3086708430349463
"Drummond (Riding), Quebec, Canada",107967.0,1081.2399372421326,66.3981183155868,1626.055116303725,0.26294006344830206
"Calgary Forest Lawn (Riding), Alberta, Canada",107939.0,3004.2478947897093,1995.8462951989613,54.0818199576034,0.2910194241434886
"Richmond Centre (Riding), British Columbia, Canada",107707.0,4646.852099957761,1464.4049180252262,73.5500124823704,0.19074619942532486
"Hamilton Mountain (Riding), Ontario, Canada",107629.0,3511.1866454579326,3247.0309376263735,33.146896986044226,0.5419793914718551
"LaSalle--Émard--Verdun (Riding), Quebec, Canada",107564.0,6804.210903571976,4282.328436526171,25.118110764819345,0.2122614238993576
"Renfrew--Nipissing--Pembroke (Riding), Ontario, Canada",107420.0,509.45806940977684,8.647028866948142,12422.764125443762,0.3184352633532339
"Gatineau (Riding), Quebec, Canada",107286.0,2029.0056601885349,825.075657290027,130.03171170069714,0.40638362719998017
"Peace River--Westlock (Riding), Alberta, Canada",107223.0,322.4111031750414,0.969405142274637,110607.00559975287,0.1606270008965466
"Kitchener--Conestoga (Riding), Ontario, Canada",107134.0,1649.7183535780216,118.63374879117124,903.0651150423137,0.2674694429803464
"Sarnia--Lambton (Riding), Ontario, Canada",107077.0,1264.082418224595,70.06390950505535,1528.2761232767639,0.5892219893351703
"Halifax (Riding), Nova Scotia, Canada",107010.0,3328.185272427736,306.91053969403146,348.6683777842284,0.1169607255661218
"Barrie--Springwater--Oro-Medonte (Riding), Ontario, Canada",106871.0,1563.9322127940475,106.71603935790965,1001.4520838950051,0.5728056386455819
"Vaughan--Woodbridge (Riding), Ontario, Canada",106810.0,2807.515237334911,1328.4613148637447,80.40128741795925,0.6347730630951468
"Parkdale--High Park (Riding), Ontario, Canada",106750.0,7428.684641642296,6624.422764097508,16.114611612434327,0.34420219514238837
"Hamilton Centre (Riding), Ontario, Canada",106439.0,5577.604301026949,2293.0306400498753,46.41848134994169,0.35354420466024744
"University--Rosedale (Riding), Ontario, Canada",106216.0,11817.758777947287,7803.58694653286,13.611176594526427,0.2854471040080814
"Thérèse-De Blainville (Riding), Quebec, Canada",106013.0,2164.1779478293874,1399.374234881932,75.75743311362635,0.38777493513060646
"Lakeland (Riding), Alberta, Canada",105993.0,488.9434333948912,3.216617763597433,32951.692675308266,0.22211225517639485
"Davenport (Riding), Ontario, Canada",105946.0,9015.722856243181,8769.048883283835,12.081811996961447,0.5023558807876647
"Bourassa (Riding), Quebec, Canada",105637.0,6944.348034514094,6716.033686195215,15.729075364397964,0.5552529358317151
"Notre-Dame-de-Grâce--Westmount (Riding), Quebec, Canada",105601.0,7408.700203941249,6574.359671934695,16.062552897858698,0.2751993412720227
"Rivière-des-Mille-Îles (Riding), Quebec, Canada",105589.0,2014.034459508618,871.6963025526845,121.13048970242511,0.1899317777043245
"Toronto--Danforth (Riding), Ontario, Canada",105472.0,7653.461593606384,4158.625571770308,25.362225615108947,0.5489878282218467
"Châteauguay--Lacolle (Riding), Quebec, Canada",105111.0,1489.5604068636987,114.48596596787219,918.1125311856734,0.2817291930725751
"Saint-Hyacinthe--Bagot (Riding), Quebec, Canada",105086.0,1158.075605855043,55.47288353516871,1894.3670006513642,0.2985945048052191
"Berthier--Maskinongé (Riding), Quebec, Canada",105001.0,392.9513854600367,23.88912705414782,4395.346877347236,0.18037978591425446
"Marc-Aurèle-Fortin (Riding), Quebec, Canada",104636.0,2586.605491811747,1870.6730108478898,55.93494929002762,0.5137326242898076
"Honoré-Mercier (Riding), Quebec, Canada",104578.0,4301.255877759399,2449.3432217370405,42.696343685894185,0.2772824677766964
"Brampton Centre (Riding), Ontario, Canada",104557.0,4186.414880561966,2383.48479323592,43.86728218141849,0.4806529634832426
"Stormont--Dundas--South Glengarry (Riding), Ontario, Canada",104488.0,916.9254602202819,37.777388033591336,2765.887358519603,0.31533071438627175
"Scarborough--Agincourt (Riding), Ontario, Canada",104423.0,5360.848697292974,4880.139011979542,21.39754620589028,0.7292673143050814
"Parry Sound--Muskoka (Riding), Ontario, Canada",104316.0,246.6747674773201,7.366388014098767,14161.078645374944,0.262121653312444
"Leeds--Grenville--Thousand Islands and Rideau Lakes (Riding), Ontario, Canada",104070.0,477.1656387812424,27.731319505563032,3752.796543962615,0.4231813766020944
"Lac-Saint-Jean (Riding), Quebec, Canada",103886.0,567.7282914908193,1.7074692466122003,60842.091420457975,0.29191839742871817
"Abitibi--Témiscamingue (Riding), Quebec, Canada",103735.0,488.6615218234583,2.781889839187614,37289.398932595184,0.2147793682506759
"Outremont (Riding), Quebec, Canada",103620.0,9856.716446007338,8675.134224871175,11.944483775585471,0.34515577747322074
"Scarborough--Guildwood (Riding), Ontario, Canada",103449.0,4226.771411395005,3891.2428845417926,26.585079130104592,0.6405369237128375
"Pierre-Boucher--Les Patriotes--Verchères (Riding), Quebec, Canada",102872.0,1409.7004274283452,139.54873873104432,737.1761359897899,0.2442938418799478
"Argenteuil--La Petite-Nation (Riding), Quebec, Canada",102306.0,474.93035689012964,19.09847966733953,5356.761469079361,0.21593048673817353
"Scarborough--Rouge Park (Riding), Ontario, Canada",102254.0,3460.5872903859,1865.413790225535,54.81571999509939,0.4709188636901775
"Steveston--Richmond East (Riding), British Columbia, Canada",102225.0,4538.319087399994,943.3155695803146,108.36776503697524,0.13031523966061623
"Edmonton Strathcona (Riding), Alberta, Canada",102188.0,2395.514324416176,1241.6889748436836,82.2975818182363,0.25311608453814344
"Saint-Laurent (Riding), Quebec, Canada",102104.0,6087.0737036182645,2377.20870340822,42.951214108215574,0.32891339174854123
"Alfred-Pellan (Riding), Quebec, Canada",102020.0,2508.319581134404,833.4296562972239,122.40985094441716,0.39728405059253713
"Don Valley West (Riding), Ontario, Canada",101959.0,5875.5469029161995,3367.0719569358184,30.281206135192644,0.5296143158349187
"Elmwood--Transcona (Riding), Manitoba, Canada",101691.0,2693.555344472852,2029.3099684600356,50.111122293046904,0.30387292334761135
"Selkirk--Interlake--Eastman (Riding), Manitoba, Canada",101373.0,284.35951948625745,3.8748824421181327,26161.567870581985,0.10824453778452142
"Moncton--Riverview--Dieppe (Riding), New Brunswick, Canada",101237.0,1592.2065666292424,618.4328030334187,163.69927258617517,0.30926622719369207
"Winnipeg North (Riding), Manitoba, Canada",101221.0,3444.3005279729764,2668.651904315275,37.92963774568095,0.3111682937663254
"Mission--Matsqui--Fraser Canyon (Riding), British Columbia, Canada",101216.0,1508.7938702690055,4.605811371301809,21975.715425660565,0.11436576832402713
"Hastings--Lennox and Addington (Riding), Ontario, Canada",100636.0,294.3783256524619,11.356663658983404,8861.405340678062,0.3292328035464994
"Montarville (Riding), Quebec, Canada",100515.0,1828.8915202893165,658.491168249922,152.6444162753764,0.28305952248217736
"Portage--Lisgar (Riding), Manitoba, Canada",100417.0,527.3584022041168,7.9016169613639375,12708.411517668217,0.32729490074436407
"Yellowhead (Riding), Alberta, Canada",99218.0,359.6905050391195,1.2668501382059203,78318.65585972932,0.19215280154172054
"Québec (Riding), Quebec, Canada",98772.0,4956.923757512229,2555.366221556424,38.652776720136764,0.29527735047326803
"Regina--Lewvan (Riding), Saskatchewan, Canada",98492.0,2362.703808096941,1690.634423680177,58.25742018525944,0.525909420096729
"Markham--Thornhill (Riding), Ontario, Canada",97510.0,3928.683332323504,2323.011820332298,41.9756796528274,0.26744459421440364
"Niagara West (Riding), Ontario, Canada",96946.0,824.0882593357319,94.91803008250196,1021.3654867861811,0.5242321279253594
"Montmagny--L'Islet--Kamouraska--Rivière-du-Loup (Riding), Quebec, Canada",96689.0,447.5020549055782,12.752591049953587,7581.91018760473,0.1741249767606663
"Bécancour--Nicolet--Saurel (Riding), Quebec, Canada",96439.0,589.0298880417178,33.07621410984838,2915.660168352988,0.18395393434649712
"Dartmouth--Cole Harbour (Riding), Nova Scotia, Canada",96165.0,1882.0481819976683,882.4420455475723,108.97599506416057,0.31691057205253736
"Beauport--Limoilou (Riding), Quebec, Canada",96064.0,3491.2182954563445,2449.1136562879956,39.22398609527971,0.34417651778446345
"Beauport--Côte-de-Beaupré--Île dOrléans--Charlevoix (Riding), Quebec, Canada",95699.0,816.9601494284364,8.120558435586638,11784.78065998753,0.251396264795662
"Sudbury (Riding), Ontario, Canada",95537.0,1337.5942592004872,99.89101050433389,956.4123890393021,0.23527181277363546
"Saint Boniface--Saint Vital (Riding), Manitoba, Canada",95514.0,2393.9665999181634,1469.4546923334817,64.99962230773143,0.30030867500605996
"Don Valley East (Riding), Ontario, Canada",95039.0,4978.346216250444,4135.271875798372,22.98252759539574,0.5717630324688575
"Nickel Belt (Riding), Ontario, Canada",94947.0,443.91290816596984,3.149989814105929,30142.00222960057,0.1751404545394992
"Winnipeg South Centre (Riding), Manitoba, Canada",94803.0,2848.6415455378574,2032.17977537821,46.65089238099329,0.27767707278367976
"Scarborough North (Riding), Ontario, Canada",94717.0,4333.3776368828585,3112.516459373432,30.43100373485803,0.5420669269852356
"South Shore--St. Margarets (Riding), Nova Scotia, Canada",93549.0,182.15000395690174,9.533523592022778,9812.63633503541,0.14463325473821498
"Saskatoon--Grasswood (Riding), Saskatchewan, Canada",93277.0,2387.346928380425,266.78818304249324,349.62942862106866,0.3843346014474446
"Kildonan--St. Paul (Riding), Manitoba, Canada",91480.0,2327.704586391262,527.5196610357787,173.41533739307476,0.43003958440970025
"Jonquière (Riding), Quebec, Canada",90907.0,850.5773680752826,2.1348038285904125,42583.30380643213,0.32798619643948934
"Brandon--Souris (Riding), Manitoba, Canada",89812.0,1074.021670391469,4.894062783344163,18351.215334967677,0.29266862147929584
"Nipissing--Timiskaming (Riding), Ontario, Canada",89781.0,887.82487099832,5.94124702519134,15111.474008625079,0.25163655756703224
"Sackville--Preston--Chezzetcook (Riding), Nova Scotia, Canada",89519.0,713.1348211195349,115.12345382880383,777.591333674897,0.1914326216461999
"Skeena--Bulkley Valley (Riding), British Columbia, Canada",89509.0,453.9103351079098,0.2610237079173564,342915.2114732036,0.029505957169829632
"Dauphin--Swan River--Neepawa (Riding), Manitoba, Canada",89503.0,263.8393589715538,1.5497486549641533,57753.236122066686,0.3185008309645022
"Regina--Wascana (Riding), Saskatchewan, Canada",89087.0,2419.8517601148374,1391.5427730180409,64.02031021064778,0.5126767447526674
"Mégantic--L'Érable (Riding), Quebec, Canada",88894.0,462.69715409957894,14.540515221854251,6113.538526227268,0.17326506004739356
"Abitibi--Baie-James--Nunavik--Eeyou (Riding), Quebec, Canada",88712.0,650.9923076561549,0.10054797099567732,882285.3322799904,0.06038924638692837
"Beauséjour (Riding), New Brunswick, Canada",88710.0,322.7084149795381,20.479854145982642,4331.573817257946,0.14218896865811842
"Saskatoon--University (Riding), Saskatchewan, Canada",88348.0,2194.6730794048976,1227.4282767180284,71.97813646287358,0.3519255254657895
"Manicouagan (Riding), Quebec, Canada",87890.0,660.0760528700896,0.3245088228123793,270840.09377093334,0.06414108473295221
"Saskatoon West (Riding), Saskatchewan, Canada",87855.0,2373.336130656463,926.680357099962,94.80615330505273,0.2569077570069219
"Kings--Hants (Riding), Nova Scotia, Canada",87744.0,287.55371944939725,19.755898414016418,4441.407733588434,0.27125407560166387
"Winnipeg Centre (Riding), Manitoba, Canada",87499.0,4726.792899311771,3024.4826150034455,28.930237378765796,0.2812791714786687
"Fredericton (Riding), New Brunswick, Canada",87347.0,852.6080314901698,54.86492260395487,1592.037240816297,0.22850939005438048
"St. John's East (Riding), Newfoundland and Labrador, Canada",87345.0,1242.7117152237786,207.3398991979735,421.2647943684044,0.24247691149490314
"Avalon (Riding), Newfoundland and Labrador, Canada",87181.0,491.4252230133739,11.54416782908425,7551.951885207104,0.14992252746252477
"Rimouski-Neigette--Témiscouata--Les Basques (Riding), Quebec, Canada",85506.0,752.1263280633946,10.619237884779793,8051.990258411384,0.23830802356009795
"Charleswood--St. James--Assiniboia--Headingley (Riding), Manitoba, Canada",84767.0,2005.9946142611147,407.7398296146919,207.89482371664195,0.522769849568324
"Fundy Royal (Riding), New Brunswick, Canada",83502.0,317.9875508222909,11.077224670309011,7538.169756890073,0.18492212489699175
"Carlton Trail--Eagle Creek (Riding), Saskatchewan, Canada",83395.0,543.3275246131178,2.8068691867832625,29711.0390440292,0.1950243504263036
"West Nova (Riding), Nova Scotia, Canada",83372.0,174.41529294935577,8.40404823931505,9920.457097090035,0.22934748709384473
"Thunder Bay--Superior North (Riding), Ontario, Canada",83315.0,1120.4558883517443,0.9333132969542813,89267.98779347212,0.22397632214894933
"Thunder Bay--Rainy River (Riding), Ontario, Canada",82357.0,1077.370721514528,2.070852979758672,39769.60257680751,0.13715215607430314
"Cumberland--Colchester (Riding), Nova Scotia, Canada",82014.0,411.97056945268855,9.78396902341564,8382.487700412654,0.22066919800895526
"St. John's South--Mount Pearl (Riding), Newfoundland and Labrador, Canada",81497.0,1623.863502840554,164.06250631112877,496.74359993896945,0.27425487750646393
"Churchill--Keewatinook Aski (Riding), Manitoba, Canada",81258.0,455.1183572754594,0.15764172349413832,515459.9822871225,0.2137280840636809
"Long Range Mountains (Riding), Newfoundland and Labrador, Canada",81036.0,377.340516639068,1.88026296430814,43098.22697051204,0.08693263296655965
"Saint John--Rothesay (Riding), New Brunswick, Canada",80918.0,952.302648059866,170.89017347011364,473.5087943143288,0.2419472759491857
"Prince Albert (Riding), Saskatchewan, Canada",80845.0,876.2673973228934,4.152020874444414,19471.24122077492,0.22893976009129258
"Chicoutimi--Le Fjord (Riding), Quebec, Canada",80593.0,957.1455010618345,29.266497547761816,2753.7630653779215,0.17684963370675444
"Moose Jaw--Lake Centre--Lanigan (Riding), Saskatchewan, Canada",80547.0,638.6479541088737,2.4122629715411494,33390.63814777211,0.4553778311436525
"Algoma--Manitoulin--Kapuskasing (Riding), Ontario, Canada",80013.0,323.34458322662647,0.7941964363412183,100747.11537187413,0.10312362426634343
"Sault Ste. Marie (Riding), Ontario, Canada",79308.0,1203.4557412849197,12.446264225609962,6372.032488014555,0.45219646734651797
"Timmins--James Bay (Riding), Ontario, Canada",78914.0,922.1781068029421,0.30799254104656276,256220.4907036033,0.22553552481205402
"Regina--Qu'Appelle (Riding), Saskatchewan, Canada",78140.0,1142.523288398609,5.732103905391174,13631.992945296673,0.46974221752654277
"Acadie--Bathurst (Riding), New Brunswick, Canada",77594.0,188.63617185530708,14.321374893123542,5418.055220190977,0.18859699037056635
"Gaspésie--Les Îles-de-la-Madeleine (Riding), Quebec, Canada",75853.0,143.32860140069025,4.310180695611132,17598.566129080802,0.1641062078903512
"Coast of Bays--Central--Notre Dame (Riding), Newfoundland and Labrador, Canada",73659.0,407.28171057492017,1.6291348104637162,45213.569513644936,0.10425633851756758
"Central Nova (Riding), Nova Scotia, Canada",72950.0,310.7731153075941,7.1824282064778915,10156.732222426643,0.17528530924151242
"Sydney--Victoria (Riding), Nova Scotia, Canada",72361.0,657.384001495461,14.903508722214,4855.299604189474,0.12160685388720331
"Desnethé--Missinippi--Churchill River (Riding), Saskatchewan, Canada",71488.0,220.66836867061605,0.19949840508667208,358338.7043567694,0.5457007838557397
"Bonavista--Burin--Trinity (Riding), Newfoundland and Labrador, Canada",71387.0,144.01569559887605,3.5178729927252146,20292.65983951801,0.041739097200745194
"Yorkton--Melville (Riding), Saskatchewan, Canada",71220.0,408.1756320350109,1.61188105427708,44184.40170322728,0.25480756531358517
"Battlefords--Lloydminster (Riding), Saskatchewan, Canada",70918.0,616.9160591672828,2.2943116285526104,30910.360701409747,0.5067373645176831
"Souris--Moose Mountain (Riding), Saskatchewan, Canada",70579.0,418.1854522706934,1.624943380090563,43434.74416694225,0.27283947054009206
"Cape Breton--Canso (Riding), Nova Scotia, Canada",70392.0,251.99173160308828,7.063858466183453,9965.092072128144,0.07478935512449965
"Avignon--La Mitis--Matane--Matapédia (Riding), Quebec, Canada",70253.0,364.4419521873002,4.7425510488062494,14813.335539674039,0.30826103225864077
"Tobique--Mactaquac (Riding), New Brunswick, Canada",69344.0,162.59726547548814,4.6776631122474885,14824.496406856908,0.3319615087112788
"Cypress Hills--Grasslands (Riding), Saskatchewan, Canada",68314.0,411.34193090434087,0.8703191253715424,78493.04698530726,0.4976281813322918
"New Brunswick Southwest (Riding), New Brunswick, Canada",67567.0,121.01748313605037,6.320286628227536,10690.496171207431,0.1520404698097237
"Kenora (Riding), Ontario, Canada",64261.0,290.8401853439837,0.19498014460321858,329577.14812844194,0.4601639951860047
"Madawaska--Restigouche (Riding), New Brunswick, Canada",60068.0,311.68605394512355,5.073181673468467,11840.30138603972,0.16417398293806704
"Miramichi--Grand Lake (Riding), New Brunswick, Canada",57515.0,149.69244772788744,3.341174648037579,17214.005868798606,0.2050345817392349
"Northwest Territories (Riding), Northwest Territories, Canada",41070.0,803.012773804448,0.03026837347672293,1356861.8092935772,0.013357555105858024
"Yukon (Riding), Yukon, Canada",40232.0,530.1557568886184,0.08314395611796208,483883.63843211986,0.18318285514844196
"Cardigan (Riding), Prince Edward Island, Canada",39866.0,204.72239339972154,13.415365156296136,2971.667154456096,0.20101827499952057
"Malpeque (Riding), Prince Edward Island, Canada",39731.0,118.90730943135968,21.275610527960026,1867.4434723171037,0.23296789195436507
"Charlottetown (Riding), Prince Edward Island, Canada",38809.0,1334.6564813358248,728.6585477638248,53.26088621220553,0.3917644126856513
"Nunavut (Riding), Nunavut, Canada",36858.0,426.4214062328299,0.017184515297586016,2144837.9172601746,0.0008974149705443593
"Egmont (Riding), Prince Edward Island, Canada",35925.0,422.76175356122445,20.07503195389278,1789.5363794444038,0.21564790617645768
"Labrador (Riding), Newfoundland and Labrador, Canada",26655.0,499.8255882662109,0.0885010335235409,301182.923393882,0.018688670094209214
